CSUS	90431	B
CSUS	100238	B
CSUS	18324	C
CSAU	29963	C
CSAU	30311	C
CSUS	147818	C
CSUS	28529	C
CSUS	7094	C
CSAU	32597	C
CSUS	141401	C
CSUS	51671	C
CSAU	7066	C
CSUS	112067	A
CSUS	29524	A
CSUS	35519	C
CSUS	36940	C
CSUS	25844	C
CSUS	33617	C
CSUS	25401	C
CSUS	36987	C
CSUS	36640	A
CSUS	146696	C
CSUS	137741	C
CSUS	8568	A
CSUS	79442	C
CSUK	43310	C
CSUS	125729	C
CSUK	22442	C
CSUK	44858	C
CSUS	24807	C
CSUS	26974	C
CSUS	35974	C
CSUS	124160	C
CSUS	17417	C
CSUS	27049	C
CSUS	70193	C
CSUS	32670	C
CSUS	123914	C
CSUS	25899	C
CSUS	25748	B
CSAU	14032	C
CSUS	79964	C
CSUS	56567	C
CSAU	9577	C
CSUS	10496	C
CSUS	132659	B
CSAU	7336	C
CSUS	33398	C
CSUS	27841	C
CSUK	15634	C
CSUS	24244	C
CSUS	10876	C
CSUS	79493	C
CSAU	15785	C
CSUS	88175	C
CSUS	25846	A
CSUS	144659	C
CSUS	129614	C
CSAU	21872	B
CSUS	70073	C
CSUS	26598	C
CSUK	44783	B
CSUK	42734	C
CSUS	24100	C
CSAU	31583	C
CSUS	26281	C
CSUS	33922	C
CSUS	77480	C
CSUS	32209	C
CSCA	113868	B
CSUS	32753	C
CSUS	11133	C
CSCA	112308	C
CSUS	37985	C
CSUS	146081	C
CSUS	39377	C
CSUS	124403	C
CSAU	9283	C
CSUS	17877	C
CSUS	29000	C
CSUS	143405	C
CSUS	19782	B
CSIN	50549	C
CSUS	35435	C
CSUS	25835	C
CSAU	14855	C
CSUK	1234	B
CSUS	25710	C
CSUS	146429	C
CSUS	18236	C
CSAU	16367	C
CSUS	17367	C
CSUS	26498	C
CSUS	25718	C
CSUS	30552	A
CSUS	124013	C
CSCA	113882	C
CSUK	13183	C
CSUS	125363	C
CSUS	146690	C
CSUS	25392	C
CSUS	34544	C
CSUS	10547	C
CSUS	72341	C
CSUS	24239	C
CSUS	34282	C
CSUS	127838	C
CSUS	24977	C
CSUS	25283	C
CSUS	136592	C
CSUS	22261	C
CSUK	28412	C
CSUS	130769	C
CSUK	27680	B
CSUS	22849	C
CSUS	133166	C
CSUS	65870	C
CSUS	90329	C
CSUK	27638	C
CSUK	19689	A
CSAU	31640	C
CSUS	130364	A
CSAU	27722	C
CSUS	30760	C
CSUK	20670	C
CSUS	25811	C
CSUS	33671	C
CSUS	31683	C
CSUS	67487	C
CSUS	138185	C
CSUS	7102	B
CSUS	33239	C
CSUS	29718	B
CSUS	135827	C
CSUS	125540	C
CSAU	23471	C
CSUS	76880	C
CSAU	9505	C
CSUS	29078	A
CSUS	36984	B
CSUS	138884	C
CSUS	25822	C
CSUS|CSDE	22843|12983	C
CSUS	33627	C
CSUS	39675	C
CSAU	32561	C
CSUK	17550	C
CSUS	84131	C
CSUS	25767	C
CSUS	83000	C
CSUS	24021	C
CSUS	23641	C
CSUS	19107	C
CSUS	24500	C
CSUS	89399	C
CSUS	101	A
CSUS	17511	C
CSUS	24781	C
CSAU	14866	C
CSUK	17905	C
CSAU	31676	C
CSUS	33618	C
CSUK	17845	C
CSUK	41327	C
CSUS	1193	A
CSUS	24786	C
CSAU	7514	C
CSUS	39696	C
CSUS	25581	C
CSCA	110190	A
CSUS	126626	B
CSAU	11999	C
CSCA	113979	C
CSUS	1829	B
CSUS	36594	C
CSUS	116618	A
CSUS	115100	C
CSUK	16658	C
CSUK	45110	C
CSUS	21490	C
CSCA	110655	B
CSUS	32332	C
CSUS	32997	C
CSUS	80600	C
CSCA	112155	C
CSUK	4012	C
CSUS	26615	C
CSUS	69881	A
CSUS	24494	C
CSUS	315	B
CSAU	30293	C
CSIN	35342	B
CSUS	135644	B
CSUS	121220	C
CSCA	113839	C
CSAU	30278	A
CSUK	26675	C
CSUK	17358	C
CSUS	141164	C
CSAU	14790	C
CSUS	26873	C
CSUS	130139	C
CSUS	40118	C
CSIN	50261	C
CSUK	43031	C
CSUS	61691	C
CSCA	114713	C
CSUS	37145	B
CSUS	27181	C
CSUK	42377	C
CSUS	145205	B
CSAU	9491	C
CSUS	35252	C
CSIN	50246	C
CSUS	26303	C
CSUS	7638	B
CSUS	126134	C
CSUS	48734	B
CSUS	33207	C
CSUS	141032	C
CSUS	30603	C
CSUS	26268	C
CSUK	42206	C
CSUS	24472	C
CSUS	132911	C
CSAU	13634	C
CSUS	139235	C
CSAU	9210	C
CSUS	32508	C
CSUS	130196	C
CSUS	86000	C
CSUK	12619	C
CSUS	73049	C
CSDE|CSUS	18314|5112	A
CSUS	83027	B
CSUS	25776	C
CSUS	36414	C
CSUS	48056	C
CSUS	134072	B
CSUS	139172	C
CSUK	25499	C
CSUS	127670	C
CSUS	32653	C
CSUS	36486	B
CSUS	25263	C
CSUS	25493	C
CSUK	42050	C
CSUS	24393	C
CSUS	12856	C
CSUS	116861	C
CSUS	124595	A
CSUS	140390	C
CSUS	25762	C
CSAU	30974	C
CSUS	133151	C
CSCA	113590	C
CSCA	110274	B
CSUS	29621	C
CSUK	14070	C
CSUS	145988	A
CSUS	67292	C
CSUS	84014	C
CSUS	137513	C
CSUS	124523	C
CSUS	26054	C
CSUS	32278	C
CSUS	146600	C
CSCA	113405	C
CSUS	10015	C
CSUS	86621	A
CSUS	14141	B
CSCA	118139	C
CSUS	20672	C
CSUS	106652	C
CSUS	32284	C
CSUS	25771	C
CSUS	130823	C
CSUS	71117	C
CSAU	31274	C
CSUS	36901	C
CSUS	144518	C
CSUS	26003	C
CSUS	35444	C
CSUK	16720	A
CSUS	59183	C
CSUS	97613	C
CSUS	26237	B
CSUS	84332	C
CSUS	116780	C
CSUS	19060	C
CSUS	128672	C
CSUS	31516	C
CSCA	111834	C
CSUS	17074	B
CSUS	73346	C
CSUS	25666	C
CSAU	14840	C
CSUS	26012	C
CSUS	24200	C
CSIN	40361	C
CSUK	13240	C
CSUS	26025	C
CSUS	85466	C
CSUK|CSUS	11888|11552	A
CSUS	117446	C
CSUS	25457	C
CSAU	9123	C
CSUS	17518	C
CSUS	133244	C
CSUS	24312	C
CSUS	76829	C
CSUS	129968	C
CSUS	76	A
CSUS	40433	C
CSUS	147140	C
CSUS	18059	C
CSUK	25301	B
CSUS	136220	C
CSUS	33621	C
CSUS	88859	C
CSUS	33274	C
CSUS	137534	C
CSUS	70211	C
CSUK	31595	C
CSUS	29561	C
CSUS	36649	C
CSUK	25931	C
CSAU	7170	A
CSUS	12135	C
CSUS	121238	C
CSUK	49358	C
CSUK	42908	C
CSUS	13188	C
CSAU	17141	C
CSUS	25639	C
CSUK	28319	C
CSUS	25897	C
CSAU	30890	C
CSUS	37674	B
CSUS	34476	C
CSCA	113894	C
CSUS	25620	C
CSCA	112866	C
CSAU	14900	C
CSUK	39700	C
CSUS	85457	C
CSUK|CSUS	8325|22837	B
CSUS	73391	C
CSUS	82055	C
CSIN	50156	C
CSUS	26138	C
CSUS	32891	C
CSUS	52187	C
CSUS	32537	C
CSCA	114370	C
CSUS	84689	C
CSUS	33801	C
CSUS	24423	C
CSUS	139136	C
CSUS	76817	C
CSUS	26011	C
CSUS	10795	C
CSCA	112583	C
CSUS	140714	B
CSUS	24036	C
CSUS	25285	C
CSIN	44393	C
CSUS	19762	C
CSUS	84602	C
CSUK	41342	C
CSUS	139757	C
CSUS	20795	C
CSIN	50075	C
CSUS	4425	A
CSUS	25725	A
CSCA	113908	C
CSUK	15621	C
CSUS	63221	C
CSCA	112278	C
CSUS	25951	C
CSUS	25997	C
CSUK	49379	C
CSUS	77561	C
CSFR|CSDE|CSUS	14753|13276|22938	A
CSUS	120977	C
CSUS	25909	C
CSUS	37213	C
CSUS	133220	C
CSAU	31967	C
CSUS	119615	B
CSUS	140525	C
CSIN	41150	C
CSUS	66518	C
CSAU	21884	C
CSUS	13393	C
CSUS	25315	C
CSUS	139382	C
CSUS	17574	A
CSUS	33910	C
CSUS	129152	C
CSUS	32678	C
CSUS	69926	C
CSUS	8715	A
CSUS	75722	C
CSUS	130673	C
CSUS	116771	C
CSUS	147329	A
CSUS	17565	B
CSAU	19622	C
CSUS	36174	C
CSUS	87131	C
CSUS	38467	C
CSUS	126212	C
CSUS	17390	C
CSUS	87215	C
CSUS	25634	C
CSCA	112022	C
CSUS	10235	C
CSUS	69176	A
CSUS	125405	B
CSAU	32339	C
CSUS	121175	C
CSAU	9161	C
CSUS	138509	C
CSUS	629	C
CSAU	30305	C
CSUS	38187	C
CSUS	35114	B
CSUS	126005	C
CSUS	33028	C
CSUS	137387	C
CSUS	82991	C
CSUK	7916	A
CSUS	39522	C
CSAU	9618	C
CSUS	26484	C
CSUS	12203	C
CSUS	140603	C
CSAU	18746	C
CSUK|CSFR	42200|19832	C
CSUS	27159	C
CSIN	48296	C
CSUS	26832	C
CSUK|CSUS	16769|11795	B
CSUS	33998	C
CSUS	114392	C
CSUS	25657	C
CSUS	32193	C
CSUS	17153	B
CSUS	30321	C
CSUS	144935	C
CSUS	130379	C
CSUK	18883	C
CSUS	637	B
CSAU	30518	C
CSUS	17571	C
CSAU	15647	C
CSUS	18845	A
CSUS	24407	C
CSUS	40431	C
CSUS	79514	C
CSAU	31802	C
CSUK	4071	C
CSCA	112809	C
CSUS	37880	C
CSUS	17839	C
CSUS	33196	C
CSUS	145349	C
CSUS	56546	C
CSUS	73313	C
CSUK	24782	C
CSUS	36208	C
CSUS	25907	C
CSUS	147194	C
CSAU	30716	C
CSUS	119885	C
CSUS	22463	C
CSUS	34230	C
CSUS	17846	C
CSUS	64898	C
CSUS	33730	C
CSUS	137867	C
CSUK	33767	B
CSUS	52301	C
CSCA	113452	C
CSUS	138104	B
CSUS	138128	C
CSUS	51350	C
CSUS	11769	C
CSUS	119297	C
CSUS	26944	C
CSUS	83690	C
CSUS	26940	B
CSAU	25415	C
CSUS	84632	C
CSUS	130514	C
CSUK	1377	B
CSUK	15149	C
CSUK	25946	C
CSUS	39116	C
CSUS	121250	C
CSUS	65345	C
CSUS	137750	C
CSUK	20124	C
CSUS	36115	C
CSCA	117641	C
CSUS	38498	C
CSUS	143477	C
CSUK	49457	C
CSUS	3483	A
CSUS	49409	C
CSCA	116423	C
CSUS	27882	C
CSUS	12233	C
CSUS	26143	C
CSUS	77612	C
CSUS	30807	B
CSAU	32390	C
CSUS	80132	C
CSCA	113709	C
CSUS	138098	C
CSUS	130157	C
CSUS	9769	B
CSUS	140957	C
CSUS	25569	C
CSUS	12356	C
CSUS	31790	C
CSAU	29003	C
CSUS	137021	C
CSUS	18301	C
CSCA	112265	C
CSAU	10140	C
CSUK	40460	C
CSUS	37592	C
CSUS	4563	C
CSUS	84686	C
CSAU	26024	C
CSUK	42632	B
CSUS	139718	C
CSCA	110134	A
CSUS	32826	C
CSUS	16666	B
CSUS	3124	A
CSUS	10009	B
CSUS	110627	B
CSUS	10512	B
CSAU	20735	A
CSUS	89804	A
CSUS	37864	A
CSIN	47582	B
CSUS	17027	A
CSUS	35134	B
CSUK	49346	A
CSUK|CSFR	11511|14210	A
CSUK	9705	B
CSCA	114059	B
CSAU	14529	B
CSUS	10474	A
CSUS	9986	B
CSUS	130424	B
CSUK	16827	B
CSUS	118928	A
CSUS	4670	A
CSUS	10586	A
CSUS	29454	A
CSUS	112100	B
CSUS	24961	B
CSUK	49718	B
CSUS	25536	C
CSUS	133139	B
CSUS	8067	A
CSUS	77417	C
CSUS	3488	B
CSUS	2735	A
CSUK	5958	B
CSUS	69503	B
CSUS	34039	A
CSUS	7106	B
CSUS	106520	A
CSUS	119576	B
CSUS	25337	B
CSUK	20627	A
CSUS	18022	B
CSUS	26753	A
CSUS	39898	A
CSUS	25614	B
CSUS	36918	A
CSUS	5807	B
CSUS	37268	B
CSUS	88283	B
CSUS|CSDE|CSFR	33591|18743|25190	B
CSUS	36331	B
CSUS	35778	B
CSUS	89561	B
CSUS	36580	B
CSUS	147326	B
CSUS	7427	A
CSUS	5903	B
CSAU	9379	B
CSCA	110410	B
CSUS	38225	B
CSUS	147752	A
CSUS	37556	B
CSUS	139730	A
CSUS	72146	A
CSUS|CSFR	32369|26228	A
CSUS	138212	B
CSUS	141584	A
CSUS	18061	B
CSUK	18885	A
CSUS	136445	B
CSUS	77657	B
CSUS	216	B
CSAU	9791	A
CSUS	90362	B
CSUS	81455	B
CSUS	10846	B
CSUK	15915	A
CSUS	4441	A
CSUS	13262	A
CSUS	12904	B
CSUS	81473	B
CSUK|CSUS	28304|25441	B
CSCA	110699	A
CSUS	66920	A
CSUS	55502	A
CSUS	17443	B
CSUS	12209	A
CSUS	10718	B
CSUS	39601	B
CSUS	34948	A
CSUS	39440	C
CSUS	120644	B
CSUK	18852	B
CSUS	147488	A
CSCA	110887	B
CSUS	141482	B
CSUK	12075	B
CSUS	40986	B
CSUS	32422	B
CSUS	40711	B
CSUS	19954	A
CSUS	38150	B
CSAU	32114	A
CSUS	89583	B
CSUK	11833	B
CSUS	36357	A
CSUS	23842	B
CSAU	12988	A
CSUK	15087	B
CSUS	85220	B
CSUS	60725	B
CSCA	113230	B
CSUS	39426	A
CSUS	40630	B
CSCA	110832	A
CSUS	18783	B
CSUS	6319	A
CSUS	1659	A
CSUS	14399	B
CSUS	633	B
CSCA	110827	B
CSCA	110137	A
CSUS	37336	A
CSUS	36989	B
CSUK	12418	B
CSUS	72692	B
CSUK	4325	B
CSUS	21961	B
CSUS	2616	B
CSUS	6643	B
CSUS	65270	B
CSUS	85841	B
CSUS	36643	B
CSUS	15987	B
CSUS	32	A
CSUK	38897	B
CSUS	18902	B
CSCA	112471	B
CSUS	36340	B
CSUS	16052	A
CSUS	39495	B
CSUS	102701	A
CSUS	35484	B
CSUS	116624	B
CSUS	135434	B
CSUS	34141	B
CSUS	28338	B
CSUK|CSUS	8388|38057	A
CSUS	36123	A
CSUK	16521	A
CSUS	67007	A
CSAU	8761	A
CSUS	14452	B
CSAU	30236	B
CSUK	15406	B
CSAU	31940	A
CSUS	75194	B
CSUS	12229	B
CSUS	33356	B
CSUS	93	B
CSUS	16549	B
CSCA	110009	B
CSUS	11177	B
CSUS	40529	B
CSUS	82334	B
CSUS	37807	B
CSUK	42482	B
CSUS	65360	B
CSUS	69065	B
CSUS	49	B
CSUS	123851	B
CSUS	37819	B
CSUS	37176	A
CSUK|CSDE|CSUS	6931|17486|25433	A
CSUS	32967	B
CSAU	7641	B
CSUS	17418	B
CSUS	38413	B
CSUS	20830	B
CSUS	125180	B
CSCA	111250	A
CSUS	36296	B
CSUS	33696	B
CSUS	25611	B
CSUK	3329	B
CSUS	36483	B
CSUS	8747	B
CSAU	15791	A
CSUS	32387	B
CSUK	34091	B
CSUS	41025	B
CSUS	36266	B
CSUS	32514	B
CSUS	24389	A
CSAU	9357	A
CSUS	20861	B
CSUS	11064	B
CSUS	27079	B
CSUS	125651	B
CSUS	69887	B
CSUS	87389	B
CSUS	53150	B
CSUS	37044	A
CSUS	67283	B
CSUS	38054	B
CSUS	129833	A
CSUS	12288	A
CSUS|CSDE	19092|21458	B
CSUS	24426	B
CSUS	35332	B
CSUS	39622	A
CSUK	13978	A
CSUS	30756	B
CSUS	6245	B
CSUS	6195	B
CSUS	34284	B
CSUS	37575	B
CSUS	112103	B
CSUS	42017	B
CSUS	116999	B
CSUS	124820	A
CSUS	17845	B
CSAU	11184	B
CSUS	1678	B
CSAU	16115	B
CSUS	1105	B
CSUS	73658	B
CSUS	67502	B
CSUK	44675	B
CSUS	52535	B
CSUS	7806	B
CSUS	13618	B
CSUK	13430	B
CSUS	133127	B
CSUK	49211	A
CSUS	3129	A
CSUS	5879	B
CSUS	53867	B
CSUS	35515	B
CSUS	106853	A
CSCA	115152	B
CSUS	26629	B
CSUS	127700	B
CSUS	147344	B
CSUS	114611	A
CSAU	7010	B
CSCA	110020	B
CSUS	24385	B
CSUS	23598	B
CSUS	133352	C
CSUS	12323	B
CSUS	16971	A
CSUS	15129	B
CSAU	9538	A
CSAU	7016	B
CSUS	33877	B
CSUS	16378	B
CSCA	112452	B
CSUS	126590	B
CSUS	131996	B
CSUS|CSAU	134858|32936	B
CSUS	34904	B
CSUS	146123	A
CSUS	147581	B
CSUS	17319	B
CSAU	9341	A
CSUS	147917	A
CSUS	59984	B
CSUS	9685	B
CSUS	79760	B
CSUK	7345	B
CSUS	17078	B
CSUK	16779	B
CSUS	6660	B
CSUS	11095	B
CSUS	5925	B
CSUS	130334	A
CSUK	15293	A
CSUS	145283	A
CSAU	14718	B
CSAU|CSDE	16352|36749	B
CSUS	12278	B
CSUS	9780	B
CSUS	16577	B
CSUS	124349	A
CSUS	112049	B
CSUS	37814	B
CSUS	24661	B
CSUS	25967	B
CSUS	58958	A
CSUS	3470	B
CSUS	86729	B
CSCA	110387	A
CSUS	114335	B
CSUS	40683	C
CSUS	132908	B
CSUS	30233	B
CSUS	19938	B
CSUS	15761	A
CSUS	35208	B
CSUS	126137	A
CSCA	115238	A
CSCA	114751	B
CSUS	26766	B
CSAU	7367	B
CSUK	17154	B
CSUS	20490	B
CSUK	18886	B
CSUS	17868	B
CSUS	24276	A
CSUS	7100	B
CSUS	9988	B
CSUS	34098	B
CSUS	19736	B
CSUS	36713	B
CSUK	50873	B
CSUK	5439	B
CSUS	81920	B
CSUS	118298	C
CSUS	26738	A
CSUS|CSAU	4186|33029	B
CSUS	130598	B
CSUS	23800	B
CSUS	8596	A
CSUS	2784	B
CSUK	29666	B
CSUS	28300	B
CSUS	120389	A
CSUS	106874	B
CSCA	110804	B
CSUS	147074	B
CSUS	35246	B
CSUS	7587	A
CSUS	58712	B
CSUS	142094	B
CSUK	19056	B
CSUS	17293	B
CSUS|CSAU	10537|16079	B
CSUS	15061	B
CSUK	27869	B
CSUS	77996	B
CSUS	77189	B
CSCA	113858	B
CSUK	42131	B
CSUS	35575	B
CSUS	25594	B
CSUS	37355	B
CSUS	40	A
CSUS	63698	B
CSUS	1555	B
CSUS	22310	B
CSUK	5388	B
CSUS	28580	A
CSUS	37797	B
CSUS	23020	B
CSUS	2260	B
CSUS	56801	B
CSUS	11060	A
CSUS	36421	B
CSUS	14418	B
CSUK	12184	B
CSUK	2294	B
CSUS	55076	B
CSUS	43925	B
CSUS	26626	B
CSUS	36196	B
CSUK	50762	B
CSAU	32789	A
CSUS	36816	B
CSUS	86834	B
CSUS	4233	A
CSUS	27717	A
CSUS	114872	A
CSCA	110443	B
CSUS	529	B
CSUS	130433	B
CSUK	16723	B
CSUK	25742	B
CSUS	35516	B
CSUS	17266	A
CSUS	17031	A
CSUS	126818	B
CSUS	66902	B
CSCA	112157	B
CSAU	7618	B
CSUS	10215	B
CSUS	23003	B
CSUS	26471	B
CSUS	38164	A
CSUS	28052	A
CSUS	138287	B
CSUS	9871	B
CSUS	38642	B
CSUS	126014	B
CSUS	147671	B
CSUK	9317	A
CSUS	36831	A
CSUK|CSDE|CSUS	17813|15684|33882	B
CSAU	14741	B
CSUK	563	B
CSUS	8716	B
CSUK|CSUS	11954|8141	B
CSUS	36947	B
CSUS	31700	B
CSUS	38012	A
CSAU	9507	B
CSUS	8206	B
CSUS	10151	B
CSUS	13622	B
CSUS	77855	B
CSCA	112057	B
CSCA	114141	A
CSUS	17425	B
CSUS	2132	B
CSUS	24052	B
CSUK	39976	A
CSUK|CSUS|CSAU	28706|56933|33032	B
CSUS	14677	B
CSCA	110256	B
CSUS	81647	B
CSAU	9525	B
CSUS	24433	B
CSUS	31453	B
CSUK	4188	B
CSUS	36481	B
CSUS	77729	B
CSUK	2753	B
CSUS	113582	B
CSUK	6747	B
CSUS	9082	B
CSUS	32096	B
CSUS	20194	B
CSUS	145619	B
CSCA	110341	B
CSUS	20341	A
CSUS	38082	B
CSUS	8449	B
CSUS	148310	B
CSUS	8144	B
CSUS	118172	B
CSUS	67613	B
CSUS	39760	A
CSUS	8171	B
CSUS	38140	B
CSUK	36689	A
CSUS	36120	B
CSUK	2387	B
CSUS	17566	B
CSUS	82502	B
CSUS	25754	B
CSUS	39891	B
CSUS	40405	B
CSUS	32364	B
CSUS	134303	B
CSUS	16551	B
CSUS	23247	B
CSUK	12912	B
CSUS	19227	B
CSUS	29744	B
CSUS	124817	B
CSUS	20437	A
CSUS	55631	A
CSUS	1909	B
CSUS	37863	B
CSUK|CSUS	7872|19350	B
CSUS	5926	B
CSUK	49388	B
CSUS	37065	B
CSUS	34074	B
CSAU	30299	A
CSUK	18824	B
CSAU	8428	B
CSUK	17972	B
CSUS	5829	B
CSUS	17926	B
CSUS	37699	A
CSUS	1078	B
CSUS	38035	B
CSCA	110581	B
CSUS	60860	B
CSUK	19141	A
CSUS	69770	B
CSUS	18115	B
CSUS	27233	B
CSUS	7955	B
CSUS	126029	B
CSCA	116105	B
CSUK	3746	B
CSUS	36107	B
CSUK	251	B
CSUS	81707	B
CSUS	9212	B
CSUS	10598	B
CSUS	7651	B
CSUS	39565	B
CSUS	40113	B
CSUS	12150	B
CSUS	29780	B
CSUS	37245	B
CSUS	36480	B
CSUS	312	B
CSUS	2395	B
CSUS	13920	B
CSUS	10890	B
CSUS	32869	B
CSUS	35384	A
CSUK|CSDE	36572|17348	A
CSUS	16576	B
CSUS	209	A
CSUK	14179	A
CSUS	25379	B
CSUS	1267	B
CSUS	9623	B
CSCA	111538	B
CSUK	24656	B
CSUS	1107	B
CSUS	53120	B
CSUS	55508	A
CSUS	32632	A
CSCA	110093	B
CSUS	24190	B
CSUK	7065	B
CSUS	1635	B
CSUS	12398	B
CSUS	147431	B
CSUS	10407	B
CSUS	7950	B
CSUS	19758	B
CSUS	20186	A
CSUS	24559	B
CSCA	114853	B
CSUK	19132	B
CSUS	8064	B
CSUS	26279	B
CSUS	88157	A
CSUS	36662	A
CSUS	130358	A
CSUS	35659	C
CSUK	10967	C
CSUK	16079	C
CSUS	27014	C
CSUS	35399	B
CSUS	40469	C
CSUS	40607	C
CSUK|CSUS	12497|23534	C
CSUS	11140	C
CSUS	35243	C
CSUS	48833	C
CSCA	114065	C
CSUS	32219	C
CSUS	35891	C
CSUS	114983	C
CSCA	114058	B
CSAU	9196	B
CSUS	56042	C
CSUS	138083	C
CSUS	147380	C
CSUS	4197	A
CSAU	9443	C
CSUS	68432	A
CSAU	16028	C
CSUS	127976	B
CSUS	593	B
CSUS	6777	C
CSUS	3523	B
CSUS	12934	C
CSUS	30270	C
CSUS	64865	C
CSAU	8481	A
CSCA	113390	B
CSUS	18884	B
CSUS	10527	B
CSUS	17624	C
CSUK|CSAU|CSUS	41579|9248|37451	C
CSAU	9337	B
CSUS	20668	C
CSUS	36559	C
CSUS	31644	A
CSCA	113225	C
CSUS	28090	C
CSUS	119912	C
CSUS	8799	C
CSUS	35373	C
CSUS	10854	B
CSUS	27274	C
CSUS	57179	C
CSAU	9413	C
CSUK	29660	C
CSUS	27903	A
CSUS	12696	B
CSUS	55895	C
CSUS	10296	C
CSUS	19283	C
CSUS	114464	C
CSAU	17051	A
CSUK	3296	A
CSCA	110273	A
CSUS	12274	B
CSUK	50291	B
CSUS	42008	B
CSCA	115403	B
CSUK	30233	C
CSUS	88628	C
CSUS	30606	C
CSUS	17517	C
CSUS	15381	A
CSUK	6797	C
CSUK	636	B
CSUS	147392	C
CSUS	15167	B
CSUS	22067	C
CSUS	10693	C
CSUS	132026	C
CSUS	32430	A
CSUS	11371	A
CSUS	2650	A
CSUS	13275	B
CSCA	111557	B
CSUS	114533	C
CSUS	34669	B
CSUS	29933	C
CSUS	30201	C
CSUS	66875	C
CSUS	71915	C
CSUS	147869	C
CSUS	112256	A
CSUS	147590	B
CSUS	30410	C
CSUS	148394	B
CSUS	28969	C
CSUS	7613	C
CSUS	34274	C
CSUS	41056	B
CSUS	34140	C
CSUS	17745	B
CSUS	40267	C
CSAU	8952	C
CSUS	892	B
CSUS	10998	C
CSUS	13247	C
CSUS	36479	B
CSUS	35826	C
CSUS	38274	B
CSUS	38683	B
CSCA	110226	C
CSUS	141467	C
CSAU	14948	C
CSUS	7370	C
CSUS	7584	C
CSUK	18166	C
CSUS	29099	C
CSUS	47792	C
CSUS	58340	C
CSUS	36961	B
CSUS	1148	C
CSUS	611	C
CSUS	8610	C
CSUS	19177	C
CSUS	41735	C
CSUK	9443	C
CSUS	147464	C
CSUS	37785	C
CSAU	7554	C
CSUS	72089	C
CSUK	230	A
CSUS	74027	B
CSUK	7238	C
CSUS	8526	C
CSUK	10496	C
CSUS	26660	C
CSUS	138518	C
CSUK	44480	B
CSUS	17472	B
CSUS	12019	C
CSUS|CSAU	24304|33113	B
CSUS	8933	B
CSUS	17590	C
CSUS	29641	C
CSUS	99179	C
CSAU	14740	C
CSUS	69134	C
CSUS	12893	B
CSUS	13617	C
CSUS	13746	C
CSUS	9687	C
CSUK	4429	C
CSUS	126203	B
CSUS	80225	C
CSUS	24008	C
CSUS	146987	C
CSUS	10633	B
CSUS	10375	C
CSUS	35759	C
CSUS	54884	C
CSUS	30279	B
CSUS	36485	C
CSUS	133406	C
CSAU	15779	B
CSUS	22058	C
CSUS	17717	B
CSUS	9301	C
CSUS	40103	C
CSUS	66041	C
CSUS	52652	A
CSUS	49280	A
CSUS	17306	A
CSUS	147848	B
CSUS	18244	B
CSUK	22190	C
CSUS	17474	B
CSUS	37791	C
CSUS	4536	C
CSUS	10966	C
CSUS	10699	A
CSAU	8382	A
CSUK	11828	B
CSUS	10281	C
CSUS	34254	B
CSUK	42170	C
CSUS	26735	C
CSUS	67661	C
CSUS	21748	C
CSUS	28624	C
CSUS	37823	C
CSUS	34930	A
CSUS	1787	A
CSUK	42182	B
CSUS	36358	B
CSUS	37477	B
CSUS	58901	B
CSUK	897	C
CSUS	8625	B
CSUS	10678	B
CSUS	23667	C
CSUS	43	C
CSUS	32833	A
CSUS	33054	C
CSUS	10307	C
CSUS	67967	C
CSUS	142163	C
CSUS	1259	C
CSUS	14602	C
CSUS	18934	C
CSUS	27279	C
CSUS	34936	C
CSUS	35923	C
CSUS	18463	A
CSUK	50756	A
CSAU	7302	B
CSUS	36136	B
CSUS	74675	C
CSUS	13644	B
CSUS	11495	C
CSUK	18566	C
CSUK	20739	C
CSUS	1781	B
CSUS	89351	C
CSUS	28036	C
CSUS	32637	C
CSUS	56978	C
CSUS	37376	A
CSUS	147740	A
CSUS	6204	B
CSUK	17973	C
CSUS	37878	B
CSUS	18552	C
CSUS	29470	C
CSUS	69350	C
CSUS	15594	C
CSUS	1033	B
CSUS	17176	B
CSUK	272	B
CSAU	7130	C
CSUS	10542	C
CSUK	40232	C
CSUS	76763	C
CSUS	31582	B
CSUS	1691	C
CSUS	27586	C
CSUS	35315	C
CSUS	17471	C
CSUS	39724	B
CSUS	30018	C
CSUS	34667	C
CSUS	57068	C
CSAU	31370	C
CSIN	42344	C
CSCA	110310	C
CSUS	3978	B
CSUS	393	B
CSUS	1048	B
CSUS	55718	B
CSAU	16475	B
CSUS	9710	B
CSUK	798	C
CSUS	25044	B
CSUS	8857	B
CSUS	146444	B
CSUS	33676	C
CSUS	36835	B
CSUS	18665	C
CSCA	112982	C
CSUS	18089	C
CSUS	70682	C
CSUS	130859	C
CSUS	30809	B
CSUS	14704	C
CSUS	32660	B
CSCA	114753	B
CSCA	110697	C
CSUS	12324	C
CSUS	138233	C
CSUS	16111	C
CSUS	4088	B
CSAU	21524	B
CSUK	12272	C
CSUS|CSAU	12241|7055	C
CSUS	28802	C
CSUS	23623	C
CSUS	5273	C
CSUK	16959	C
CSUS	3490	C
CSUS|CSAU	17634|33047	C
CSUS	12518	C
CSUS	27020	C
CSUS	30491	C
CSUS	36477	C
CSUS	33097	C
CSUS	135368	A
CSUS	11650	B
CSUK	15919	C
CSUS	87917	C
CSCA	113863	B
CSUS	12857	C
CSUS	26922	B
CSUS	35664	C
CSUS	25208	C
CSUS	35150	C
CSUS	10434	A
CSUS	57977	C
CSCA	111562	C
CSUK	2828	B
CSUS	37520	C
CSUS	146159	C
CSUS	25582	C
CSUS	25892	C
CSUS	37499	C
CSUS	33168	C
CSUS	55931	C
CSUS	33935	B
CSUS	136268	B
CSUS	17673	B
CSIN	49097	C
CSUS	31938	C
CSUK	17051	C
CSUS	119567	B
CSUS	37204	B
CSUS	17126	C
CSUS	17207	C
CSUS	28982	A
CSUS	1297	B
CSUS	17870	B
CSUS	35958	B
CSIN	38741	B
CSUS	88787	C
CSUS	20634	C
CSUS	29086	C
CSUS	76055	C
CSUS	80150	C
CSCA	115175	C
CSUS	417	B
CSUS	129	B
CSUS	16518	B
CSUS	83888	C
CSUS	8626	C
CSUS	35752	C
CSCA	110002	C
CSUS	36045	C
CSUS	11198	B
CSUS	37789	C
CSUS	75485	C
CSAU	7069	B
CSUK	26000	C
CSUK	2515	C
CSUS	122	C
CSUS	1278	C
CSUS	17693	C
CSUS	7843	B
CSUS	36589	C
CSUS	39692	C
CSUS	30056	C
CSUS	77897	C
CSUS	41	C
CSUS	37098	A
CSUS	34213	B
CSUS	36138	B
CSUS	120743	C
CSUS	12011	C
CSUS	19685	B
CSUS	7103	C
CSUS	11528	C
CSUS	19739	C
CSUS	146531	B
CSUS	40444	C
CSUS	147359	C
CSUK	2455	A
CSUS	19726	B
CSUS	116888	B
CSUS	112367	C
CSUS	18975	C
CSUS	10140	C
CSCA	113187	C
CSUK	2014	B
CSUS	140996	C
CSCA	117971	C
CSUS	1314	C
CSUS	903	A
CSAU	13050	C
CSAU	14141	C
CSUK	1845	B
CSUS	6179	B
CSUS	10817	B
CSUS	98732	C
CSUS	132923	C
CSUS	18192	C
CSUS	17350	C
CSUS	121637	C
CSUS	30098	C
CSUK	16529	B
CSUK	3983	B
CSUS	33690	C
CSUS	18108	C
CSUS	69602	C
CSUK|CSUS	19640|28890	C
CSUS	179	C
CSUS	27441	C
CSUS	39709	C
CSUS	118628	C
CSUK	16505	C
CSUS	64775	C
CSUS	77	C
CSUS	1801	B
CSUS	13705	C
CSUS	24024	C
CSUS	22068	C
CSUS	25422	C
CSUS	24711	B
CSUS	11885	B
CSUS	66419	C
CSUS	280	C
CSUS	17738	C
CSUK|CSUS	172|105956	B
CSCA	113394	C
CSUS	39400	C
CSUS	21021	C
CSUS	5987	C
CSUS	125714	B
CSUS	56051	C
CSUS	89090	B
CSAU	14664	C
CSUS	1905	B
CSUS	7616	C
CSUS	483	A
CSUS	37297	A
CSAU	31838	B
CSAU	9189	B
CSUS	11156	C
CSUS	51665	B
CSUS	32424	C
CSUS	140666	C
CSUS	23936	B
CSUS	113618	C
CSUK	2667	C
CSUS	119624	C
CSUS	12308	B
CSUS	12468	C
CSAU	10259	A
CSUS	36135	B
CSUS	52505	B
CSAU	14260	C
CSAU	20591	B
CSUS	12864	C
CSUS	12319	C
CSUS	10595	B
CSUS	18349	C
CSCA	114289	B
CSUS|CSAU	11220|32915	C
CSUS	145307	C
CSCA	110325	C
CSUS	35073	B
CSUS	9563	C
CSUS	13449	C
CSUS	75530	C
CSAU	21470	C
CSUS	19552	C
CSAU	8585	A
CSAU	14242	B
CSUS	1014	C
CSCA	110151	C
CSUS	26258	C
CSUK	4922	B
CSUS	18957	C
CSUS	37739	C
CSUK	7575	C
CSUS	7342	C
CSUS	20374	C
CSUS	25236	C
CSUS	16669	C
CSUS	130556	C
CSUS	244	B
CSUS	127814	C
CSUS	34989	B
CSUS	120629	C
CSUK	19543	C
CSUS	71057	C
CSUS	133391	C
CSUK	16588	C
CSUS	11170	C
CSUS	40417	C
CSUS	48608	C
CSUS	59714	C
CSUS	74840	C
CSCA	110617	C
CSUS	118388	C
CSUK|CSUS	17276|106538	B
CSUK	32942	B
CSUS	132863	C
CSUS	30926	C
CSUS	70844	C
CSUS	141488	B
CSUS	10930	B
CSUS	34051	C
CSUS	16363	C
CSUS	21947	B
CSUK	17168	C
CSUK	22178	C
CSUS	17536	B
CSUS	23889	C
CSUS	119603	A
CSUS	118835	B
CSUS	115316	C
CSUS	110750	C
CSUS	17937	C
CSUS	13368	C
CSUS	24098	C
CSUS	8107	B
CSUS	13273	C
CSUS	40593	C
CSUS	29874	C
CSUS	56612	C
CSUS	39284	B
CSAU	10676	B
CSUK	1092	B
CSUS	17304	C
CSCA	110176	B
CSUS	385	C
CSCA	110870	C
CSCA	112412	C
CSUS	6239	C
CSUS	19769	C
CSUS	36775	B
CSUS	13740	C
CSUS	45257	C
CSUS	25654	B
CSUS	20888	B
CSUS	8082	C
CSCA	110772	B
CSUS	2574	C
CSUK	20815	C
CSUS	33228	C
CSUK	1279	C
CSUK	41246	C
CSUS	27125	C
CSUS	1140	C
CSUS	7854	C
CSUS	17739	C
CSUS|CSAU	19666|32972	C
CSUS	20404	B
CSUS	37603	C
CSUS	67547	C
CSUS	76013	C
CSUS	10975	B
CSUS	29490	A
CSUS	61025	B
CSUK|CSAU	18213|33062	B
CSUS	39379	B
CSUS	36134	C
CSCA	115021	C
CSUS	28008	C
CSUS	21	C
CSUS	53705	C
CSUK	5029	C
CSUS	106616	C
CSUS	140138	C
CSUK	3191	C
CSUS	3022	C
CSUK	120	B
CSUS	33038	C
CSUS	18137	C
CSUS	36569	C
CSUS	428	B
CSUS	1769	B
CSUS	38429	C
CSUS	36542	B
CSUS	16129	B
CSUS	25344	C
CSUS	77597	C
CSUS	88868	C
CSCA	113079	B
CSUS	20498	C
CSUS	360	C
CSUS	25165	A
CSUS	31090	A
CSUS	37524	A
CSUS	61115	B
CSUS	297	B
CSUS	33670	C
CSUS	36567	C
CSUS|CSAU	37316|32834	B
CSUS	29852	C
CSUS	126449	C
CSUS	5472	C
CSUS	16816	C
CSUS	55871	C
CSUS	14848	C
CSUS	497	C
CSUS	1339	B
CSUS	10494	C
CSUS	36166	C
CSUS	38139	C
CSCA	110326	C
CSUS	147332	A
CSUS	14239	A
CSUS	18526	A
CSUS	147428	B
CSAU	7329	C
CSUK	738	C
CSUS|CSAU	98264|33152	C
CSUS	9913	C
CSUK	17379	C
CSUS	7663	C
CSCA	110821	C
CSUS	30361	C
CSUS	31035	C
CSUS	10489	C
CSUS	10993	C
CSUK	13045	B
CSUK	2052	C
CSUS	1893	B
CSUS	41070	B
CSUS	11142	C
CSUS	27026	C
CSUS	26260	C
CSUS	41639	C
CSUS	5552	A
CSAU	9786	A
CSUS	130211	A
CSUS	5900	A
CSUS	11139	A
CSUS	37031	C
CSUK	5010	C
CSUS	17316	B
CSUS	4202	C
CSUS	19776	C
CSUS	5953	C
CSUS|CSDE	11329|9819	C
CSUS	10421	C
CSUS	30423	C
CSUS	41252	C
CSCA	110696	C
CSUS	223	C
CSUS	9616	B
CSUS	147389	C
CSUS	13592	C
CSUS	25129	C
CSUS	39501	C
CSUS	36972	C
CSIN	38267	C
CSUS	17058	A
CSUS	38147	A
CSUS	17213	A
CSUS	20964	A
CSUS	145004	C
CSUS	37843	C
CSAU	9168	B
CSUS	586	C
CSUS	85502	B
CSUS	48689	C
CSUS	11750	C
CSUS	17899	C
CSUS	17659	C
CSUS	17537	C
CSUS	27702	C
CSUS	147578	C
CSUK	4091	B
CSUS	37186	B
CSCA	114231	C
CSUS	83336	C
CSUS	1334	C
CSUK	7452	C
CSUS	18164	C
CSUS	4368	B
CSAU	14490	C
CSUS	37693	C
CSUK	2343	C
CSUS|CSDE	3200|20147	C
CSUS	6663	B
CSUS	13156	C
CSUS	8015	C
CSUS	105	C
CSUS	4975	C
CSUS	1238	C
CSUS	5486	B
CSUS	36475	C
CSUS	10148	C
CSUS	39975	C
CSUS	36556	C
CSUS	77594	C
CSUS	78800	C
CSUS	84341	C
CSUS	500	C
CSAU	36188	C
CSAU	8950	A
CSCA	110365	A
CSUK	45272	A
CSUS	65051	B
CSUS	26150	B
CSUS	13887	B
CSUS	147527	B
CSUS	110927	C
CSCA	110186	C
CSUS	16508	C
CSUS	32989	C
CSUK	17710	B
CSUS	87110	C
CSUS	6432	C
CSUS	23995	C
CSUS	69518	C
CSAU	7457	C
CSUS	112064	C
CSUS	15888	C
CSUS	10607	A
CSUS	3689	A
CSUS	140735	C
CSUS	37779	C
CSUS	7882	C
CSUS	36131	C
CSUS	24600	C
CSUK	15279	C
CSUS	26345	C
CSUS	19459	C
CSUS	178	B
CSUS	772	C
CSUS	59573	B
CSUS	33973	B
CSUS	12881	C
CSUS	21756	C
CSUS	32677	C
CSUS	70112	B
CSUS	99545	C
CSUS	35913	C
CSUK	6270	A
CSUS	35571	A
CSUS	76583	B
CSUS	36185	B
CSUS	1206	B
CSAU	25406	C
CSUS	13184	C
CSUS	17102	C
CSAU	8409	C
CSUK	7277	C
CSUS	54845	C
CSUK	10357	C
CSUS	36724	C
CSUS	39390	C
CSUS	37321	B
CSUS	37666	C
CSCA	110789	C
CSUS	9288	B
CSUS	1294	C
CSUS	8798	C
CSUS	9077	B
CSUS	11588	C
CSUS	18560	C
CSUS	41050	C
CSUS	59711	C
CSCA	115082	C
CSUS	40965	C
CSAU	7024	A
CSAU	8670	A
CSUS	5346	B
CSAU	11040	B
CSUS	16851	C
CSUS	10404	C
CSUS	1188	B
CSUS	18796	C
CSUS	83861	C
CSUS	130136	C
CSUS	40985	C
CSUS	1986	C
CSAU	9261	C
CSUS	35755	C
CSUK	7247	C
CSUS	39554	C
CSUS	10	B
CSUS	13481	C
CSUS	38446	C
CSUS	116684	C
CSUS	90077	C
CSUS	11521	C
CSUS	26667	C
CSUS	44168	C
CSUS	64541	C
CSUS	86429	C
CSCA	110620	C
CSUS	6665	A
CSUS	79424	B
CSUS	129506	B
CSUS	23408	B
CSUS	24458	C
CSUS	137585	C
CSUK	17944	C
CSUS	381	C
CSUS	116810	B
CSCA	112297	C
CSUS	89180	C
CSUK	94	C
CSUS	146978	C
CSUK	14858	C
CSUK	15624	C
CSUS	283	C
CSUS	1845	C
CSUS	17440	C
CSUS	25884	C
CSUS	26019	C
CSUS	29638	C
CSUS	33258	C
CSUS	33271	C
CSUS	39391	C
CSUS	37090	C
CSUS	56816	C
CSUS	59066	C
CSCA	110016	C
CSCA	114142	C
CSUS	35971	C
CSUS	4267	A
CSAU	16274	A
CSUS	25704	B
CSUS	12534	B
CSAU	15386	C
CSUS	35272	C
CSUS	11581	C
CSUS	36754	C
CSUS	19252	C
CSCA	110322	C
CSUS	138089	C
CSUS	120713	B
CSUS	12256	C
CSUK	5070	B
CSUS	525	C
CSUS	1075	C
CSUS	1132	B
CSUS	90533	B
CSUS	12715	C
CSUS	35622	C
CSUS	17488	B
CSUS	90551	C
CSUS	25271	C
CSUS	26166	C
CSUS	85298	C
CSAU	9490	C
CSUS	6194	C
CSUK	5952	C
CSCA	117944	C
CSUK	21364	C
CSUS	22365	C
CSUS	81032	C
CSUS	133241	C
CSUK	11498	C
CSUK	6195	C
CSUK	7032	C
CSCA	110807	C
CSUS	19870	C
CSUS	1401	C
CSUS	3434	B
CSUK	13440	C
CSUS	125318	C
CSUS	9253	B
CSUS	11107	C
CSUS	11819	C
CSUS	14321	C
CSUS	40322	C
CSUS	75539	C
		C
CSUS	57293	C
CSAU	19841	B
CSUS	3031	B
CSUS	38825	C
CSUS	16210	C
CSCA	113592	C
CSUK|CSAU|CSDE|CSFR|CSUS	11876|14561|15733|24722|14191	C
CSUS	6923	C
CSUS	8209	B
CSAU	14814	C
CSUK	3972	C
CSAU	10870	C
CSUS	64685	C
CSCA	110218	C
CSUK	3230	C
CSUS	24737	C
CSUS	5763	C
CSUS	11586	C
CSUS	11804	B
CSUS	11836	C
CSUS	145805	C
CSUS	14304	C
CSUS	20828	C
CSUS	21506	C
CSUS	27216	C
CSUS	35449	C
CSUS	121076	C
CSUS	12853	C
CSAU	11258	C
CSUS	10495	B
CSUK	3304	B
CSUS	36547	B
CSUS	25554	B
CSUS	89689	B
CSUS	4134	C
CSUS	15257	B
CSUS	13245	C
CSUS	13755	C
CSUS	131204	C
CSUS	2672	C
CSUS	35875	C
CSUS	28912	C
CSCA	114211	C
CSIN	35411	C
CSAU	16244	C
CSUS	58499	C
CSUK	19669	C
CSUS	119612	C
CSCA	110007	C
CSUS	36969	C
CSUS	17085	C
CSUS	402	B
CSUS	4237	C
CSUS	18176	B
CSUS	6886	C
CSUS	8427	C
CSUS	36800	C
CSUS	36684	C
CSUS	57773	C
CSUS	65702	C
CSUS	106799	C
CSUS	72080	C
CSUS	24489	C
CSAU	9085	C
CSCA	113228	C
CSCA	113360	C
CSUS	10602	B
CSUS	128393	A
CSUS	14927	A
CSUS	15	A
CSUS	40719	B
CSUS	17188	B
CSUS	6401	B
CSUS	25343	C
CSUS	63689	C
CSUS	2069	B
CSUS	35431	C
CSUS	22853	C
CSAU	10554	C
CSUS	34268	C
CSUS	61289	C
CSUK	17110	C
CSCA	110487	C
CSUS	30902	C
CSUS	37191	C
CSUK	2785	C
CSUS	12318	B
CSCA	110189	B
CSIN	40112	C
CSUK	11067	C
CSUS	32745	C
CSUS	10707	C
CSUS	12272	C
CSUS	128090	B
CSUS	15415	C
CSUS	28732	C
CSUS	30212	C
CSUS	32018	C
CSUS	76196	C
CSUS	109730	C
CSCA	110733	C
CSUS	25463	C
CSUK	14107	A
CSUS	4929	A
CSUS	12191	B
CSUS	112334	B
CSUS	236	C
CSUS	114140	C
CSUS	132941	C
CSUK	41426	B
CSUK|CSUS	16315|35734	C
CSUS	126896	C
CSUK	17511	C
CSUS	20674	C
CSUS	39966	C
CSUS	36005	C
CSUK	22082	B
CSUS	18675	B
CSUS	5467	C
CSUK	16783	C
CSUK	1841	C
CSUS	110312	C
CSUS	434	B
CSUS	894	B
CSUS	3825	C
CSUS	28795	C
CSUS	7581	B
CSUS	38373	B
CSUS	20511	B
CSUS	22206	C
CSUS	51833	C
CSUS	37783	C
CSUS	26109	C
CSUS	37790	C
CSUS	56048	C
CSUS	57161	C
CSUS	80315	C
CSCA	110105	C
CSCA	113493	B
CSUS	10470	B
CSUS	35700	B
CSUS	147929	B
CSUS	8579	B
CSUS	130604	B
CSUS	38996	C
CSUS	5875	B
CSUS	7621	B
CSUS	39800	C
CSUS	114131	C
CSUS	65960	B
CSUS	112343	C
CSUS	8117	C
CSUS	19760	B
CSUS	39363	C
CSUS	26305	C
CSCA	112422	C
CSUS	29154	C
CSUS	11639	B
CSUS	119588	C
CSUS	2036	C
CSUS	48761	C
CSUS	38767	B
CSCA	113569	B
CSAU	9355	C
CSUS	10183	C
CSUK	213	C
CSUK	19014	C
CSUS	1688	B
CSUS	40367	B
CSUS	13606	B
CSUS	37746	C
CSUS	16225	B
CSUS	23168	C
CSUS	118268	C
CSUS	31203	C
CSUS	58811	C
CSUS	65690	C
CSUS	62228	C
CSAU	11131	C
CSUS	18112	C
CSUS	26347	B
CSUS	24167	C
CSUS	85442	A
CSUS	591	A
CSUS	65465	A
CSUS	29397	B
CSUS	34035	C
CSUS	40223	C
CSUS	34505	C
CSUK	38330	C
CSUS	24135	B
CSUS	18454	C
CSUK	40262	B
CSUS	74045	C
CSUS	624	B
CSUK	9204	C
CSUS	7636	B
CSUS	8185	C
CSAU	8042	C
CSUS	331	A
CSUS|CSAU	118988|33119	A
CSAU	30653	A
CSUS	90503	B
CSUS	15653	B
CSUS	22918	B
CSUS	20678	C
CSUS	18531	C
CSUS	299	C
CSUK	38021	B
CSUS	22646	C
CSUS	3688	C
CSUS	15911	C
CSUS	24760	C
CSUS	31973	C
CSUS	54983	B
CSUK	1849	B
CSUK	11943	C
CSUS	20289	C
CSUS	22061	B
CSUS	6637	A
CSAU	10542	A
CSUK	7161	B
CSUS	37781	B
CSUK	6030	B
CSUS	65981	C
CSUS	147524	B
CSUS	17335	B
CSUK	4758	B
CSUS	14347	B
CSUS	5065	C
CSUK	14062	C
CSUS	15564	B
CSUS	30759	C
CSUS	147797	B
CSUS	8258	A
CSUS	110498	A
CSAU	23705	B
CSUS	14043	B
CSUS	26737	B
CSCA	114333	C
CSUS	414	C
CSUS	38192	C
CSUS	121556	B
CSUK	10229	C
CSUS	5928	C
CSUS	18379	C
CSUS	20903	C
CSUS	1754	A
CSUS	30198	A
CSUS	68858	A
CSUS	3115	B
CSAU	13247	B
CSUS	3145	B
CSUS	33630	C
CSAU	31976	C
CSUS	6408	B
CSAU	14955	B
CSCA	110404	B
CSAU	12008	C
CSUS	39439	C
CSUS	13227	B
CSUK	3328	B
CSUS	8606	B
CSUS	14148	C
CSUS	31477	C
CSUS	129443	C
CSUK	5441	C
CSUS	23648	B
CSUS	3775	B
CSUS	3149	B
CSAU	8165	A
CSUS	2195	A
CSUS	17269	B
CSUS	8130	B
CSUK	44513	B
CSUK	5838	C
CSUS	57710	C
CSUS	6710	C
CSUS	11137	B
CSUK|CSUS	16400|90662	C
CSUS	2321	C
CSUS	10889	B
CSUS	16747	B
CSUS	17805	C
CSUS	12966	B
CSUS	17866	C
CSUS	17910	B
CSUS	37135	B
CSAU	32594	C
CSCA	112087	B
CSUS	16042	B
CSUS	15358	A
CSUS	7198	A
CSUS	21833	B
CSUS	32840	B
CSUK	9746	B
CSUK	10921	C
CSUS	1514	B
CSUK	13595	C
CSUS	24077	B
CSUS	10973	B
CSUK	4680	B
CSCA	116201	B
CSUS	27892	C
CSUS	17586	C
CSUS	8069	C
CSCA	110677	C
CSUK	2410	B
CSUS	118	B
CSUS	479	C
CSUS	7615	B
CSUS	41855	B
CSUS	124652	C
CSUS	135932	C
CSUS	17053	A
CSAU	19703	A
CSUS	12756	B
CSUS	37613	B
CSUK	265	C
CSUS	35812	B
CSUS	21456	C
CSUS	14659	C
CSUS	35847	B
CSUK	9328	B
CSUS	5008	C
CSUS	20011	B
CSUS	7542	C
CSUS	10035	C
CSUS	117374	B
CSUS	134258	B
CSUS	21987	B
CSUS	9965	B
CSUS	40186	A
CSUS	112541	A
CSUK	1233	B
CSUS	32057	B
CSUS	36114	B
CSAU	10670	C
CSUS	8021	C
CSAU	14438	B
CSUS	11096	B
CSUS	18277	B
CSAU	7070	B
CSUS	8638	B
CSUS	11914	C
CSUS	35407	C
CSUS	19046	C
CSUS	19863	B
CSUS	23696	B
CSAU	15644	A
CSUS	27972	A
CSUK	644	B
CSAU	14853	B
CSCA	116234	B
CSUS	12676	C
CSUS	35547	C
CSAU	7450	C
CSUS	1648	C
CSUS	22102	C
CSUS	5175	B
CSUS	26053	B
CSCA	114103	C
CSUS	1295	C
CSUS	134231	B
CSUK	24518	C
CSUS	8331	B
CSUS	13116	B
CSUS	25782	B
CSAU	14230	B
CSUS	21755	A
CSUS	40992	B
CSAU	8325	B
CSUK	10244	B
CSUS	36027	C
CSUS	10347	C
CSAU	14355	C
CSUK|CSUS	7078|106139	C
CSCA	110160	C
CSUS	10124	B
CSUK	4746	B
CSUK	652	B
CSUS	23335	B
CSUS	18215	C
CSUS	8057	C
CSUS	15575	B
CSUS	682	C
CSUS	4622	C
CSUS	2105	C
CSUK	17924	C
CSUS	11023	B
CSUS	38034	B
CSUS	7224	B
CSUS	10914	B
CSUS	13313	C
CSUS	129446	B
CSUS	31638	C
CSUS	134045	C
CSAU	8764	C
CSUS	19923	B
CSUS	134993	C
CSUS	7479	C
CSAU	10157	B
CSUK	16754	B
CSUS	8177	B
CSUS	26554	C
CSCA	111418	C
CSUS	33	B
CSUS	183	B
CSUK	667	C
CSUS	11991	C
CSUS	6928	C
CSUS	16581	C
CSUS	8121	B
CSUS	41702	B
CSUS	34030	B
CSUS	8681	C
CSUK	16996	C
CSAU	7738	A
CSUK	5338	B
CSUS	81008	B
CSUK	21110	C
CSUS	39507	C
CSUS	8294	B
CSUS	36498	C
CSAU	32837	B
CSUS	33725	C
CSUS	1985	C
CSUS	29872	B
CSUS	5984	B
CSUS	39385	C
CSCA	114956	B
CSCA	113071	B
CSUS	18065	C
CSUK	56	C
CSUS	9286	B
CSUK|CSUS	13427|32685	B
CSUK	5005	B
CSUS	39791	B
CSUS	11705	C
CSUS	17223	C
CSUS	22098	B
CSUS	40100	C
CSUS	42071	B
CSUS	1844	A
CSUK	2949	A
CSAU	10804	B
CSUK	645	B
CSAU	14296	B
CSUS	34415	B
CSUS	3567	C
CSUS	1	C
CSUK	485	B
CSUS	38371	B
CSUS	7593	C
CSCA	112736	C
CSAU	15650	B
CSUS	17911	B
CSUS	133481	B
CSUS	19098	B
CSUS	21742	C
CSUS	40135	C
CSUS	33550	C
CSUS	23034	B
CSUS	69785	B
CSUK	28244	B
CSUS	147809	C
CSUK	8298	C
CSUS	40540	C
CSUS	5277	C
CSUS	39456	C
CSUS	26844	C
CSUS	19062	B
CSUS	1897	C
CSUS	177	B
CSUK	12637	C
CSCA	111440	C
CSUK	12381	B
CSUS	7893	C
CSUK	434	B
CSUS	5946	B
CSUS	1655	C
CSUS	8646	B
CSUS	4168	C
CSUS	27292	C
CSUK	42656	C
CSUS	501	C
CSUS	5496	B
CSUS	1328	C
CSUS	1791	B
CSUS	8078	C
CSUS	19461	C
CSUS	12886	C
CSUS	18506	B
CSUS	66524	C
CSUS	88769	B
CSUS	116408	C
CSUK	188	C
CSUS	10674	B
CSAU	10810	B
CSUS	19427	B
CSUS|CSAU	116675|19808	B
CSUS	2010	B
CSAU	9612	B
CSUS	33269	C
CSUS|CSFR	45848|25199	C
CSUK	50717	B
CSUS	10780	C
CSUK	1768	B
CSUS	25421	B
CSUS	20373	C
CSUS	104	B
CSUS	5789	B
CSUK	17269	C
CSUS	40064	B
CSUS	37836	B
CSUS	16190	C
CSUS	23184	C
CSUS	27131	B
CSUK|CSUS	16542|33526	B
CSUK	17257	C
CSUK	18309	C
CSUK	8694	C
CSUS	262	C
CSUS	6203	B
CSUS	11800	C
CSUS	18237	C
CSUS	26463	C
CSUK	29234	A
CSUS	35501	A
CSUK	9981	B
CSUS	186	C
CSAU	7769	B
CSUS	1989	C
CSUS	39915	B
CSUS	13960	B
CSUS	116681	C
CSUK	10831	C
CSUS	30960	B
CSUS	1973	B
CSUS	12162	B
CSUK	1447	C
CSUS	29935	C
CSUK	7949	B
CSUS	12474	B
CSUS	3489	B
CSUS	35730	C
CSAU	9037	C
CSUS	12834	C
CSUS	18899	C
CSUK	4802	C
CSUK	4817	B
CSUS	6249	C
CSUS	1151	C
CSUS	1178	C
CSUS	37784	B
CSUS	17964	C
CSUS	31892	B
CSUS	29592	B
CSUS	2415	C
CSAU	8348	B
CSUS	17597	B
CSUS	37744	B
CSUS	8077	B
CSAU	14273	B
CSUS	153	C
CSUS	12015	B
CSUK	13804	B
CSUS	7849	B
CSUS	27913	C
CSUS	52697	B
CSUS	12689	B
CSUS	9606	B
CSUS	7406	B
CSUS	34610	B
CSUS	32824	C
CSUS	95	B
CSUS	11547	C
CSUK	1540	C
CSUK	37679	C
CSUK	1787	B
CSUS	88766	B
CSUS	5210	B
CSUS	3359	C
CSUS	7390	C
CSUS	11999	B
CSUS	17535	C
CSUS	38123	C
CSUS	22184	C
CSUS	23539	B
CSUS	23891	C
CSUS	39123	C
CSUS	36620	C
CSUS	32699	B
CSUS	34196	C
CSUS	78755	C
CSUS	114566	C
CSAU	14060	B
CSCA	113656	C
CSUS	33407	B
CSUK	7063	B
CSUS	54467	A
CSUS	8564	A
CSUS	37393	A
CSUS	22357	A
CSUS	8106	B
CSUK	18042	B
CSUS	9796	B
CSUS	147518	B
CSUS	123620	B
CSUS	43073	C
CSUS	23787	C
CSUS	53360	B
CSUS	2380	B
CSUS	20325	C
CSUS	55052	B
CSUS	164	B
CSUS	11790	C
CSUS	36434	C
CSUK	15785	B
CSUK	28367	C
CSUK	2534	B
CSUK	553	B
CSUK	2012	C
CSUK	33221	B
CSUK	11730	C
CSUS	1828	C
CSUS	2038	C
CSUS	4449	B
CSUS	6612	B
CSUS	9626	B
CSUS	12560	B
CSUS	121517	C
CSUS	16003	C
CSUS	18596	B
CSUS	23581	B
CSUS	26588	C
CSUS	31112	C
CSUS	78287	B
CSUS	32705	C
CSUS	77303	A
CSUK	940	A
CSUS	15325	B
CSAU	13390	B
CSUS	6862	B
CSUS	3973	B
CSUK	1909	B
CSUS	3491	B
CSUK	3846	C
CSUS	19499	C
CSUS	36964	C
CSUS	63317	B
CSUS	5826	B
CSUS	12725	B
CSUS	25073	C
CSUS	106826	C
CSUS	6661	B
CSCA	114733	C
CSUS	8190	B
CSUK	7403	B
CSUS	27849	B
CSUK	9305	C
CSUK	286	B
CSUK	554	C
CSUK	24233	B
CSUK	31994	B
CSUK	5219	C
CSUS	6189	B
CSUS	1542	C
CSUS	2083	B
CSUS	36669	B
CSUS	10845	B
CSUS	11915	C
CSUS	18831	B
CSUS	24622	C
CSUS	29300	C
CSAU	7271	C
CSCA	111057	B
CSUS	148022	C
CSUK	2477	C
CSUS	35581	B
CSUS	20329	B
CSUK	3974	B
CSUS	37533	B
CSUS	3899	C
CSUK	4735	C
CSUS	4270	C
CSAU	15827	C
CSUS	11039	B
CSUS	35447	C
CSUS	15270	C
CSCA	115106	B
CSUS	32111	C
CSUS	83816	B
CSUK	2692	C
CSUS	7216	B
CSUS	11088	C
CSUS	3000	C
CSUS	35330	C
CSUK	13972	C
CSUK	15369	C
CSUK	2911	B
CSUK	6006	C
CSUS	38832	C
CSUS	2964	C
CSUS	18117	C
CSUS	12971	C
CSUS	16404	C
CSUS	37094	C
CSUS	36512	B
CSUS	33173	B
CSUS	36748	C
CSUS	7240	C
CSUS	33763	C
CSUS	30308	C
CSUS	19466	C
CSUS	5712	C
CSAU	14188	B
CSUS	7684	B
CSUK	9380	B
CSAU	7731	B
CSUS	25355	C
CSUS	23396	C
CSUS	147521	B
CSUS	87743	C
CSUS	32832	C
CSUK	2419	C
CSUS	8284	C
CSUS	21532	C
CSUK	12495	B
CSUK	3416	C
CSUS|CSFR	7|22093	B
CSUS	383	B
CSUS	889	B
CSUS	3438	B
CSUS	1181	B
CSUS	6297	B
CSUS	35047	B
CSUS	17271	C
CSUS	19957	B
CSUS	116678	C
CSUS	8099	C
CSUS	10145	B
CSUS	12624	B
CSUS	37005	C
CSUS	37472	C
CSUS	129467	B
CSUS	23303	C
CSUS	131654	C
CSUS	147626	B
CSUS	29279	A
CSUK	9504	A
CSUS	32014	A
CSUS	15074	B
CSUS	37757	C
CSUK	1331	C
CSUS	8874	C
CSUS	1190	B
CSUS	23461	C
CSUK	19099	C
CSUS	17553	B
CSUS	64	C
CSUK	21896	B
CSUS	20822	B
CSUK	45035	C
CSUS	9327	C
CSUS	67424	C
CSUS	20057	C
CSUS	18772	B
CSUK	1010	B
CSUK	362	B
CSUK	1550	B
CSUK	15174	C
CSUK	15344	C
CSUK	45140	B
CSUK	2141	B
CSUK|CSUS	7814|106127	B
CSUK	462	B
CSUS	16848	B
CSUS	5986	B
CSUS	18988	B
CSUS	8137	B
CSUS	39736	B
CSUS	9921	C
CSUS	11018	C
CSUS	12078	C
CSUS	12928	C
CSUS|CSAU	21780|7031	B
CSUS	26750	B
CSUS	29565	B
CSUS	88613	C
CSUS	70217	C
CSUS	88145	C
CSAU	7071	B
CSAU	14981	C
CSAU	14236	B
CSAU	18701	C
CSCA	110279	B
CSCA	114957	C
CSCA	114965	B
CSUS	20249	B
CSUS	5379	B
CSUS	19314	A
CSAU	8669	B
CSUS	10166	C
CSUS	17816	C
CSAU	11603	C
CSUS	317	C
CSUS	12765	B
CSUS	1240	B
CSUS	590	B
CSUK	8780	C
CSUS	19488	B
CSUK	7896	C
CSUS	14218	C
CSUS	90002	C
CSUS	5401	C
CSUS	18451	B
CSUS	36454	B
CSUS	4552	C
CSUS	18476	B
CSUK	41	B
CSUK	811	B
CSUK	1417	B
CSUK	1433	B
CSUK	3050	B
CSUK	4663	B
CSUK	13373	C
CSUK	17178	B
CSUS	30	B
CSUS	6345	C
CSUS	708	C
CSUS	38536	B
CSUS	1087	C
CSUS	1146	C
CSUS	3453	B
CSUS	1525	C
CSUS	1789	B
CSUS	12199	C
CSUS	6113	C
CSUS	5894	B
CSUS	7712	C
CSUS	4336	B
CSUS	4848	B
CSUS	9742	B
CSUS	13605	C
CSUS	12523	C
CSUS	13410	C
CSUS	16618	C
CSUS	41016	C
CSUS	10103	C
CSUS	32865	B
CSUS	66368	C
CSAU	14352	B
CSAU	16184	B
CSUS	13963	C
CSUS	10893	B
CSAU	14609	B
CSUS	17881	C
CSUK	1141	B
CSUS	6640	B
CSUS	963	A
CSUS	24640	B
CSUS	36574	B
CSAU	11127	C
CSUS	20804	C
CSUS	15431	C
CSAU	7574	C
CSUS	40070	C
CSUS	19246	C
CSUK	12278	C
CSUS	2605	B
CSAU	10244	C
CSUS	403	B
CSUS	13010	B
CSUS	16846	B
CSUK	6980	C
CSUK	39349	C
CSUS	1768	C
CSUK	3414	C
CSCA	116825	C
CSUS	16570	C
CSUK	1733	C
CSUK	16232	B
CSUK	15355	B
CSUK	16532	B
CSUK	2302	B
CSUK	3290	C
CSUK	16712	C
CSUK	447	C
CSUS	595	B
CSUS	19272	B
CSUS	2638	B
CSUS	6679	B
CSUS	9764	B
CSUS	11211	B
CSUS	11473	B
CSUS	12862	B
CSUS	15327	C
CSUS	15903	C
CSUS	38136	C
CSUS	88616	B
CSAU	7846	C
CSAU	10555	C
CSAU	10947	C
CSAU	14391	B
CSAU	14935	C
CSAU	14378	B
CSCA	112528	B
CSUS	29657	C
CSUS	22372	C
CSUS	6648	B
CSUS	18060	B
CSUK	1361	B
CSUS	12643	B
CSUS	22055	C
CSUS	34421	C
CSUS	34260	C
CSUS	4570	B
CSUS	27130	C
CSUK	1484	B
CSUK	859	B
CSUS	9735	B
CSUS	91	B
CSUS	52709	C
CSUS	473	C
CSUS	37337	C
CSCA	110057	B
CSUS	55868	B
CSUS	16010	B
CSAU	31016	B
CSUS	1095	C
CSUS	7756	B
CSUS	12279	B
CSUS	40484	B
CSUS	39158	B
CSUS	5446	B
CSUK	8061	C
CSUK	488	C
CSUK	515	B
CSUK	830	C
CSUK	1204	C
CSUK	1703	B
CSUK	1737	C
CSUK	13271	C
CSUK	13587	C
CSUK	49970	B
CSUK	17865	B
CSUK	18201	B
CSUK	19091	C
CSUK	29507	C
CSUK	40295	B
CSUK	3720	C
CSUK	4017	C
CSUK	5143	B
CSUK	9148	C
CSUK	8864	C
CSUK	17621	B
CSUS	192	B
CSUS	4045	B
CSUS	3808	C
CSUS	1130	C
CSUS	16843	B
CSUS	17714	B
CSUS	44834	C
CSUS	4969	C
CSUS	6668	B
CSUS	7867	B
CSUS	8012	C
CSUS	8694	B
CSUS	10852	C
CSUS	11344	B
CSUS	12173	C
CSUS	13177	B
CSUS	14476	C
CSUS	17844	C
CSUS	53504	B
CSUS	25563	B
CSUS	19602	C
CSUS	7585	C
CSUS	89663	C
CSUS	27022	C
CSUS	30378	B
CSUS	37743	C
CSUS	35769	C
CSUS	112235	C
CSUS	110441	B
CSAU	7408	C
CSAU	15878	B
CSAU	8073	B
CSAU	10476	B
CSAU	13439	B
CSCA	115280	C
CSUK	1285	C
CSUK	1199	B
CSUS	7808	C
CSUS	5639	B
CSUK	50753	C
CSCA	112447	C
CSAU	7064	C
CSCA	114691	C
CSUS	20458	C
CSUS	1385	A
CSUK	6265	A
CSUS	17953	C
CSCA	115132	C
CSUS	17210	C
CSUK	2880	C
CSUS	20858	B
CSUS	6310	B
CSUK	11626	B
CSAU	9469	C
CSUS	19068	C
CSCA	114107	B
CSUS	9757	C
CSUS	19386	B
CSUS	29438	B
CSUS	132875	B
CSUK	127	B
CSUK	3348	C
CSUK	18876	C
CSUK	17026	B
CSUK	813	C
CSUS	20705	B
CSAU	6958	C
CSUK	959	B
CSUK	49112	B
CSUK	529	C
CSUK	625	C
CSUK	22940	C
CSUK	1512	B
CSUK	1720	C
CSUK	15485	B
CSUK	16163	B
CSUK	20068	B
CSUK	30611	C
CSUK	30758	C
CSUK	1954	C
CSUK	2130	B
CSUK	3663	C
CSUK	3847	C
CSUK	4689	C
CSUK	4786	B
CSUK	7825	B
CSUK	7226	C
CSUS	3504	C
CSUS	3745	B
CSUS	3557	B
CSUS	143009	C
CSUS	3323	C
CSUS	8710	B
CSUS	8774	C
CSUS	9127	B
CSUS	9709	B
CSUS	9740	C
CSUS	9788	B
CSUS	81116	C
CSUS	10455	C
CSUS	10912	C
CSUS	34950	B
CSUS	14695	C
CSUS	17526	B
CSUS	18228	C
CSUS	4588	B
CSUS	20382	C
CSUS	21107	B
CSUS	34781	C
CSUS	29579	B
CSUS	25734	C
CSUS	28307	B
CSUS	33193	C
CSUS	35897	B
CSUS	36215	B
CSAU	9390	C
CSAU	15479	C
CSCA	115898	C
CSIN	38645	B
CSUS	5700	B
CSUS	15657	C
CSCA	113297	C
CSUS	25679	B
CSUS	125339	C
CSUK	13996	B
CSUS	11859	A
CSUS	31077	B
CSUS	5028	B
CSUS	147368	B
CSUS	40667	C
CSUS	21856	C
CSUS	33449	C
CSUS	15957	B
CSUS	9835	B
CSUS	4000	C
CSUK	707	B
CSUS	11931	C
CSUS	2498	C
CSUS	6974	B
CSUS	6443	B
CSUK	18712	B
CSUK	5403	C
CSUS	15049	B
CSAU	13382	C
CSUK	40961	C
CSUS	8590	C
CSUK	16229	B
CSUS	17229	C
CSUS	24182	C
CSUS	6933	B
CSUS	85538	B
CSUS	281	B
CSUK	7738	B
CSUK	273	B
CSUK	487	C
CSUK	516	C
CSUK	545	C
CSUK	1216	C
CSUK	1275	B
CSUK	1413	B
CSUK	1705	B
CSUK	13796	B
CSUK	42764	C
CSUK|CSUS	12552|106133	B
CSUK	17074	B
CSUK	15343	C
CSUK	25439	B
CSUS	3826	B
CSUK	16308	C
CSUK	40427	B
CSUK	45266	C
CSUK	15888	B
CSUK	3463	B
CSUK	4641	C
CSUK	4933	C
CSUK	5327	B
CSUK	5331	B
CSUK	6541	C
CSUK	8470	B
CSUK	8921	B
CSUK	8939	C
CSUK	8987	C
CSUK	9544	C
CSUK	16818	C
CSUK	16335	C
CSUK	16484	C
CSUS	112	C
CSUS	3589	C
CSUS	440	B
CSUS	1740	B
CSUS	1765	B
CSUS	2595	B
CSUS	5002	C
CSUS|CSFR	119555|27020	B
CSUS	7168	B
CSUS	8135	C
CSUS	11900	C
CSUS	9744	B
CSUS	9897	B
CSUS	10353	C
CSUS	10779	C
CSUS	11124	B
CSUS	12376	C
CSUS	13246	C
CSUS	15038	C
CSUS	15240	C
CSUS	15624	B
CSUS	16177	B
CSUS	19031	B
CSUS	20100	C
CSUS	19486	C
CSUS	20646	B
CSUS	21480	B
CSUS	21734	B
CSUS	27896	C
CSUS	33459	C
CSUS	40966	B
CSUS	36722	B
CSAU	7059	C
CSAU	7984	C
CSAU	14773	B
CSAU	13774	C
CSAU	24548	C
CSAU	13959	B
CSCA	110194	B
CSCA	110289	C
CSCA	115158	B
CSUS	21746	C
CSUS	37222	B
CSUS	11368	B
CSUS	21167	B
CSUS	31165	B
CSUS	147743	B
CSUS	28464	B
CSUS	34620	B
CSUK	2791	C
CSUS	41339	C
CSUS	24204	B
CSAU	15614	B
CSUK	12556	C
CSUK	15963	B
CSUS	34927	B
CSUK	2404	C
CSUS	40122	B
CSUS	18264	C
CSUK	294	C
CSIN	39793	B
CSCA	110775	B
CSUK	95	C
CSUK	937	C
CSUK	1013	B
CSUK	193	C
CSUK	240	C
CSUK	291	B
CSUK	319	C
CSUK	408	B
CSUK	800	C
CSUK	850	B
CSUK	1271	B
CSUK	15448	B
CSUK	15982	C
CSUK	2058	C
CSUK	38120	B
CSUK	38600	B
CSUK	1820	C
CSUK	1824	B
CSUK	1826	B
CSUK	1985	B
CSUK|CSDE	2123|35039	C
CSUK	2685	B
CSUK	17414	C
CSUK	2819	B
CSUK	7702	B
CSUK	3628	B
CSUK	7272	C
CSUK	3931	B
CSUK	3955	B
CSUK	7498	C
CSUK	6499	C
CSUK	4332	B
CSUK|CSUS	5052|106454	C
CSUK	7780	B
CSUK	44183	C
CSUK	22181	B
CSUK	7987	B
CSUK	9043	B
CSUK	42884	C
CSUK	17608	C
CSUK	8486	C
CSUK	8591	C
CSUK	9012	C
CSUK	9199	C
CSUK	9463	C
CSUK	10489	C
CSUK|CSUS	10984|106331	B
CSUK	20588	B
CSUK	11400	B
CSUK	11654	B
CSUK	2008	B
CSUS	182	C
CSUS	117779	B
CSUS	17143	B
CSUS	2721	B
CSUS	2769	B
CSUS	3147	B
CSUS	4171	B
CSUS	5376	B
CSUS	5663	C
CSUS	6412	C
CSUS	7242	B
CSUS|CSDE	16739|12785	B
CSUS	8233	C
CSUS	8490	B
CSUS	9010	C
CSUS	17136	C
CSUS	9829	C
CSUS	10034	C
CSUS	12120	B
CSUS	14844	C
CSUS	41303	C
CSUS	15902	B
CSUS	147587	C
CSUS	16205	C
CSUS	19029	B
CSUS	20541	C
CSUS	146975	C
CSUS	22158	C
CSUS	23622	C
CSUS	51848	B
CSUS	36802	B
CSUS	34763	B
CSUS	92423	C
CSUS	35845	C
CSUS	36219	B
CSUS	62045	C
CSUS	111422	B
CSUS	114803	B
CSAU	6979	C
CSAU	7049	B
CSAU	9103	B
CSAU	10834	B
CSAU	14925	C
CSAU	15608	B
CSAU	31550	B
CSIN	35390	B
CSCA	110654	B
CSCA	115895	C
CSCA	114000	C
CSUK	4643	B
CSUK	7350	B
CSUS	15613	B
CSUS	147494	B
CSUK	2808	B
CSUS	24248	C
CSUK	19816	B
CSUS	20785	C
CSUK	11848	B
CSAU	11269	B
CSUS	10506	B
CSAU	36746	B
CSUK	50891	B
CSUK	5123	C
CSUS	40826	C
CSUS	37261	C
CSUK	2403	C
CSUK	1621	B
CSUK	2206	B
CSUK	8930	B
CSUS	31595	C
CSUK	17	C
CSUK	40	B
CSUK	1914	C
CSUK	121	B
CSUK	137	B
CSUK	221	C
CSUK	222	C
CSUK	165	B
CSUK	171	B
CSUK	209	B
CSUK	244	C
CSUK	6890	B
CSUK	317	B
CSUK	327	B
CSUK	329	C
CSUK	436	B
CSUK	452	B
CSUK	508	C
CSUK	555	C
CSUK	664	C
CSUK	1605	C
CSUK	735	B
CSUK	794	B
CSUK	795	C
CSUK	3858	B
CSUK	1122	C
CSUK	1366	C
CSUK	1551	B
CSUK	1697	C
CSUK	17056	C
CSUK	18028	B
CSUK	12479	C
CSUK	16048	B
CSUK	25061	C
CSUK	13369	C
CSUK	16311	B
CSUK	13497	B
CSUK	13774	C
CSUK	16881	B
CSUK	19819	B
CSUK	25328	B
CSUK	4100	C
CSUK	16412	C
CSUK	16688	B
CSUK	17618	B
CSUK	20845	C
CSUK	27716	B
CSUK	27914	B
CSUK	28505	C
CSUK	30236	C
CSUK	44825	C
CSUK	36263	C
CSUK	39005	B
CSUK	39026	B
CSUK	40325	B
CSUK	41219	B
CSUK	43376	B
CSUK	43628	B
CSUK	1843	B
CSUK	1894	B
CSUK	1898	B
CSUK	2021	B
CSUK	2086	C
CSUK	2136	B
CSUK	2178	B
CSUK	2243	C
CSUK	2299	C
CSUK	2407	B
CSUK	2448	B
CSUK	2475	B
CSUK	13119	C
CSUK	2761	B
CSUK	2773	C
CSUK	2869	B
CSUK	2903	B
CSUK	2929	C
CSUK	3238	B
CSUK	3918	B
CSUK	14038	B
CSUK	3937	B
CSUK	7504	C
CSUK	4163	C
CSUK	11316	C
CSUK	4339	C
CSUK	4859	B
CSUK	4881	B
CSUK	4892	C
CSUK	5065	B
CSUK	5341	B
CSUK	5583	C
CSUK	5608	B
CSUK	5867	B
CSUK	5883	B
CSUK	5955	C
CSUK	5988	B
CSUK	6111	C
CSUK	6310	C
CSUK	16243	B
CSUK	6600	C
CSUK	7007	C
CSUK	7105	C
CSUK	7351	C
CSUK	7375	B
CSUK	7392	C
CSUK	7426	B
CSUK	16579	C
CSUK	7912	B
CSUK	8272	C
CSUK	53	B
CSUK	2827	B
CSUK	4269	C
CSUK	8446	C
CSUK	8472	C
CSUK	8592	C
CSUK	9369	B
CSUK	8705	C
CSUK	9415	C
CSUK	19712	C
CSUK	9223	C
CSUK|CSAU	10508|32852	C
CSUK	10515	B
CSUK	11439	B
CSUK	11850	B
CSUK	1570	C
CSUK	16713	C
CSUK	19245	C
CSUS	3003	C
CSUS	770	C
CSUS	3475	B
CSUS	1028	B
CSUS	4038	C
CSUS	1414	C
CSUS	14122	C
CSUS	5985	C
CSUS	35915	C
CSUS	5939	B
CSUS	2677	C
CSUS	4296	B
CSUS	16685	C
CSUS	7438	B
CSUS	9958	B
CSUS	10357	C
CSUS	10465	B
CSUS	13460	C
CSUS	19651	C
CSUS	23726	B
CSUS	30814	B
CSUS	57563	C
CSUS	112622	B
CSAU	6925	C
CSAU	7042	B
CSAU	19811	C
CSAU	7349	B
CSAU	7690	B
CSAU	9063	B
CSAU	7938	C
CSAU	14795	B
CSAU	12469	B
CSAU	9253	B
CSAU	9263	C
CSAU	9717	B
CSAU	14213	B
CSAU	24545	B
CSAU	14613	B
CSAU	11805	C
CSAU	6919	C
CSAU	13434	B
CSAU	12123	B
CSAU	12373	B
CSAU	13787	B
CSAU	14457	B
CSIN	35246	C
CSIN	37634	B
CSIN	37415	C
CSCA	110377	B
CSIN	39557	C
CSCA	110680	B
CSCA	110713	B
CSIN	40619	C
CSIN	50738	B
CSCA	111313	B
CSCA	113050	B
CSCA	115910	B
CSUS	8613	B
CSUS	36655	C
CSUK	3956	B
CSUK	74	B
CSUK	2237	C
CSUK	7097	C
CSUK	17971	B
CSUS	147806	B
CSUK	40331	B
CSUK	2205	B
CSUK	11744	B
CSUK	1397	B
CSUK	15166	B
CSUK	17213	B
CSUK	13626	B
CSAU	7037	C
CSUK	3725	B
CSAU	33149	B
CSUK	50810	C
CSUK	148	B
CSUK	1788	B
CSUK	1123	C
CSAU	13689	B
CSUS	149777	B
CSUS	150320	C